flight_number,name,date_utc,rocket_id,rocket_name,launchpad_id,launchpad_name,success,failures,details,crew_count,payloads_count,cores_reused,landing_success,landing_type
1,FalconSat,2006-03-24T22:30:00.000Z,5e9d0d95eda69955f709d1eb,Falcon 1,5e9e4502f5090995de566f86,Kwajalein Atoll,0,1,Engine failure at 33 seconds and loss of vehicle,0,1,0,0,
2,DemoSat,2007-03-21T01:10:00.000Z,5e9d0d95eda69955f709d1eb,Falcon 1,5e9e4502f5090995de566f86,Kwajalein Atoll,0,1,"Successful first stage burn and transition to second stage, maximum altitude 289 km, Premature engine shutdown at T+7 min 30 s, Failed to reach orbit, Failed to recover first stage",0,1,0,0,
3,Trailblazer,2008-08-03T03:34:00.000Z,5e9d0d95eda69955f709d1eb,Falcon 1,5e9e4502f5090995de566f86,Kwajalein Atoll,0,1,Residual stage 1 thrust led to collision between stage 1 and stage 2,0,2,0,0,
4,RatSat,2008-09-28T23:15:00.000Z,5e9d0d95eda69955f709d1eb,Falcon 1,5e9e4502f5090995de566f86,Kwajalein Atoll,1,0,"Ratsat was carried to orbit on the first successful orbital launch of any privately funded and developed, liquid-propelled carrier rocket, the SpaceX Falcon 1",0,1,0,0,
5,RazakSat,2009-07-13T03:35:00.000Z,5e9d0d95eda69955f709d1eb,Falcon 1,5e9e4502f5090995de566f86,Kwajalein Atoll,1,0,,0,1,0,0,
6,Falcon 9 Test Flight,2010-06-04T18:45:00.000Z,5e9d0d95eda69973a809d1ec,Falcon 9,5e9e4501f509094ba4566f84,CCSFS SLC 40,1,0,,0,1,0,0,
7,COTS 1,2010-12-08T15:43:00.000Z,5e9d0d95eda69973a809d1ec,Falcon 9,5e9e4501f509094ba4566f84,CCSFS SLC 40,1,0,,0,2,0,0,
8,COTS 2,2012-05-22T07:44:00.000Z,5e9d0d95eda69973a809d1ec,Falcon 9,5e9e4501f509094ba4566f84,CCSFS SLC 40,1,0,"Launch was scrubbed on first attempt, second launch attempt was successful",0,1,0,0,
9,CRS-1,2012-10-08T00:35:00.000Z,5e9d0d95eda69973a809d1ec,Falcon 9,5e9e4501f509094ba4566f84,CCSFS SLC 40,1,0,"CRS-1 successful, but the secondary payload was inserted into abnormally low orbit and lost due to Falcon 9 boost stage engine failure, ISS visiting vehicle safety rules, and the primary payload owner's contractual right to decline a second ignition of the second stage under some conditions.",0,2,0,0,
10,CRS-2,2013-03-01T19:10:00.000Z,5e9d0d95eda69973a809d1ec,Falcon 9,5e9e4501f509094ba4566f84,CCSFS SLC 40,1,0,Last launch of the original Falcon 9 v1.0 launch vehicle,0,1,0,0,
11,CASSIOPE,2013-09-29T16:00:00.000Z,5e9d0d95eda69973a809d1ec,Falcon 9,5e9e4502f509092b78566f87,VAFB SLC 4E,1,0,"Commercial mission and first Falcon 9 v1.1 flight, with improved 13-tonne to LEO capacity. Following second-stage separation from the first stage, an attempt was made to perform an ocean touchdown test of the discarded booster vehicle. The test provided good test data on the experiment-its primary objective-but as the booster neared the ocean, aerodynamic forces caused an uncontrollable roll. The center engine, depleted of fuel by centrifugal force, shut down resulting in the impact and destruct",0,1,0,0,Ocean
12,SES-8,2013-12-03T22:41:00.000Z,5e9d0d95eda69973a809d1ec,Falcon 9,5e9e4501f509094ba4566f84,CCSFS SLC 40,1,0,First GTO launch for Falcon 9,0,1,0,0,
13,Thaicom 6,2014-01-06T18:06:00.000Z,5e9d0d95eda69973a809d1ec,Falcon 9,5e9e4501f509094ba4566f84,CCSFS SLC 40,1,0,"Second GTO launch for Falcon 9. The USAF evaluated launch data from this flight as part of a separate certification program for SpaceX to qualify to fly U.S. military payloads and found that the Thaicom 6 launch had ""unacceptable fuel reserves at engine cutoff of the stage 2 second burnoff""",0,1,0,0,
14,CRS-3,2014-04-18T19:25:00.000Z,5e9d0d95eda69973a809d1ec,Falcon 9,5e9e4501f509094ba4566f84,CCSFS SLC 40,1,0,"Following second-stage separation, SpaceX conducted a second controlled-descent test of the discarded booster vehicle and achieved the first successful controlled ocean touchdown of a liquid-rocket-engine orbital booster. Following touchdown the first stage tipped over as expected and was destroyed. This was the first Falcon 9 booster to fly with extensible landing legs and the first Dragon mission with the Falcon 9 v1.1 launch vehicle.",0,1,0,1,Ocean
15,OG-2 Mission 1,2014-07-14T15:15:00.000Z,5e9d0d95eda69973a809d1ec,Falcon 9,5e9e4501f509094ba4566f84,CCSFS SLC 40,1,0,"Total payload mass was 1,316 kg (2,901 lb) : 6 satellites weighing 172 kg each, plus two 142-kg mass simulators. This was the second Falcon 9 booster equipped with landing legs. Following second-stage separation, SpaceX conducted a controlled-descent test of the first stage, which successfully decelerated from hypersonic velocity in the upper atmosphere, made reentry and landing burns, deployed its legs and touched down on the ocean surface. As with the previous mission, the first stage then tip",0,1,0,1,Ocean
16,AsiaSat 8,2014-08-05T08:00:00.000Z,5e9d0d95eda69973a809d1ec,Falcon 9,5e9e4501f509094ba4566f84,CCSFS SLC 40,1,0,,0,1,0,0,
17,AsiaSat 6,2014-09-07T05:00:00.000Z,5e9d0d95eda69973a809d1ec,Falcon 9,5e9e4501f509094ba4566f84,CCSFS SLC 40,1,0,,0,1,0,0,
18,CRS-4,2014-09-21T05:52:00.000Z,5e9d0d95eda69973a809d1ec,Falcon 9,5e9e4501f509094ba4566f84,CCSFS SLC 40,1,0,,0,1,0,0,Ocean
19,CRS-5,2015-01-10T09:47:00.000Z,5e9d0d95eda69973a809d1ec,Falcon 9,5e9e4501f509094ba4566f84,CCSFS SLC 40,1,0,"Following second stage separation, SpaceX performed a test flight which attempted to return the first stage of the Falcon 9 through the atmosphere and land it on an approximately 90-by-50-meter (300 ft x 160 ft) floating platform-called the autonomous spaceport drone ship. Many of the test objectives were achieved, including precision control of the rocket's descent to land on the platform at a specific point in the Atlantic ocean, and a large amount of test data was obtained from the first use ",0,1,0,0,ASDS
20,DSCOVR,2015-02-11T23:03:00.000Z,5e9d0d95eda69973a809d1ec,Falcon 9,5e9e4501f509094ba4566f84,CCSFS SLC 40,1,0,First launch under USAF's OSP 3 launch contract. First SpaceX launch to put a satellite to an orbit with an orbital altitude many times the distance to the Moon: Sun-Earth libration point L1. The first stage made a test flight descent to an over-ocean landing within 10 m (33 ft) of its intended target.,0,1,0,1,Ocean
21,ABS-3A / Eutelsat 115W B,2015-03-02T03:50:00.000Z,5e9d0d95eda69973a809d1ec,Falcon 9,5e9e4501f509094ba4566f84,CCSFS SLC 40,1,0,"The launch was Boeing's first-ever conjoined launch of a lighter-weight dual-commsat stack that was specifically designed to take advantage of the lower-cost SpaceX Falcon 9 launch vehicle. Per satellite, launch costs were less than $30 million. The ABS satellite reached its final destination ahead of schedule and started operations on September 10.",0,2,0,0,
22,CRS-6,2015-04-14T20:10:00.000Z,5e9d0d95eda69973a809d1ec,Falcon 9,5e9e4501f509094ba4566f84,CCSFS SLC 40,1,0,"Following the first-stage boost, SpaceX attempted a controlled-descent test of the first stage. The first stage contacted the ship, but soon tipped over due to excess lateral velocity caused by a stuck throttle valve resulting in a later-than-intended downthrottle.",0,1,0,0,ASDS
23,TürkmenÄlem 52°E / MonacoSAT,2015-04-27T23:03:00.000Z,5e9d0d95eda69973a809d1ec,Falcon 9,5e9e4501f509094ba4566f84,CCSFS SLC 40,1,0,,0,1,0,0,
24,CRS-7,2015-06-28T14:21:00.000Z,5e9d0d95eda69973a809d1ec,Falcon 9,5e9e4501f509094ba4566f84,CCSFS SLC 40,0,1,"Launch performance was nominal until an overpressure incident in the second-stage LOX tank, leading to vehicle breakup at T+150 seconds. The Dragon capsule survived the explosion but was lost upon splashdown because its software did not contain provisions for parachute deployment on launch vehicle failure.",0,1,0,0,ASDS
25,OG-2 Mission 2,2015-12-22T01:29:00.000Z,5e9d0d95eda69973a809d1ec,Falcon 9,5e9e4501f509094ba4566f84,CCSFS SLC 40,1,0,"Total payload mass was 2,034 kg (4,484 lb) : 11 satellites weighing 172 kg each, plus a 142-kg mass simulator. This was the first launch of the upgraded v1.1 variant (later called Falcon 9 Full Thrust), with a 30 percent power increase. Orbcomm had originally agreed to be the third flight of the enhanced-thrust rocket, but the change to the maiden flight position was announced in October 2015. SpaceX received a permit from the FAA to land the booster on solid ground at Cape Canaveral, and succee",0,1,0,1,RTLS
26,Jason 3,2016-01-17T15:42:00.000Z,5e9d0d95eda69973a809d1ec,Falcon 9,5e9e4502f509092b78566f87,VAFB SLC 4E,1,0,"First launch of NASA and NOAA joint science mission under the NLS II launch contract (not related to NASA CRS or USAF OSP3 contracts). Last launch of the original Falcon 9 v1.1 launch vehicle. The Jason-3 satellite was successfully deployed to target orbit. SpaceX again attempted a recovery of the first stage booster by landing on an autonomous drone ship; this time located in the Pacific Ocean. The first stage did achieve a soft-landing on the ship, but a lockout on one of the landing legs fail",0,1,0,0,ASDS
27,SES-9,2016-03-04T23:35:00.000Z,5e9d0d95eda69973a809d1ec,Falcon 9,5e9e4501f509094ba4566f84,CCSFS SLC 40,1,0,"Second launch of the enhanced Falcon 9 Full Thrust launch vehicle. Following the launch, SpaceX attempted an experimental landing test to a drone ship, although a successful landing was not expected because launch mass exceeded previously indicated limit for a GTO there was little fuel left. As predicted, booster recovery failed: the spent first stage ""landed hard"", but the controlled-descent, atmospheric re-entry and navigation to the drone ship were successful and returned significant test dat",0,1,0,0,ASDS
28,CRS-8,2016-04-08T20:43:00.000Z,5e9d0d95eda69973a809d1ec,Falcon 9,5e9e4501f509094ba4566f84,CCSFS SLC 40,1,0,"Dragon carried over 1500 kg of supplies and delivered (stowed in its trunk) the inflatable Bigelow Expandable Activity Module (BEAM) to the ISS for two years of in-orbit tests. The rocket's first stage landed smoothly on SpaceX's autonomous spaceport drone ship 9 minutes after liftoff, making this the first ever successful landing of a rocket booster on a ship at sea as part of an orbital launch. The first stage B1021 was later also the first orbital booster to be used again, when launching SES-",0,1,0,1,ASDS
29,JCSAT-2B,2016-05-06T05:21:00.000Z,5e9d0d95eda69973a809d1ec,Falcon 9,5e9e4501f509094ba4566f84,CCSFS SLC 40,1,0,"Launched the JCSAT 14 communications satellite for Tokyo-based SKY Perfect JSAT Corp. JCSAT 14 will support data networks, television broadcasters and mobile communications users in Japan, East Asia, Russia, Oceania, Hawaii and other Pacific islands. This was the first time a booster successfully landed after a GTO mission.",0,1,0,1,ASDS
30,Thaicom 8,2016-05-27T21:39:00.000Z,5e9d0d95eda69973a809d1ec,Falcon 9,5e9e4501f509094ba4566f84,CCSFS SLC 40,1,0,"Manufactured by Orbital ATK, the 3,100-kilogram (6,800 lb) Thaicom 8 communications satellite will serve Thailand, India and Africa from the 78.5° East geostationary location. It is equipped with 24 active Ku-band transponders.",0,1,0,1,ASDS
31,ABS-2A / Eutelsat 117W B,2016-06-15T14:29:00.000Z,5e9d0d95eda69973a809d1ec,Falcon 9,5e9e4501f509094ba4566f84,CCSFS SLC 40,1,0,"One year after pioneering this technique on flight 16, Falcon again launched two Boeing 702SP gridded ion thruster satellites in a dual-stack configuration, with the two customers sharing the rocket and mission costs. First stage landing attempt on drone ship failed on landing due to low thrust on one of the three landing engines.",0,2,0,0,ASDS
32,CRS-9,2016-07-18T04:45:00.000Z,5e9d0d95eda69973a809d1ec,Falcon 9,5e9e4501f509094ba4566f84,CCSFS SLC 40,1,0,"Among other cargo, an International Docking Adapter (IDA-2) was carried to the ISS. This mission had a successful first-stage landing at Cape Canaveral.*Including the reusable Dragon Capsule, total payload to orbit was 6457 kg.",0,1,0,1,RTLS
33,JCSAT-16,2016-08-14T05:26:00.000Z,5e9d0d95eda69973a809d1ec,Falcon 9,5e9e4501f509094ba4566f84,CCSFS SLC 40,1,0,"First attempt to touch down from a ballistic trajectory using a single-engine landing burn. All previous landings from a ballistic trajectory had fired three engines on the landing-burn, which provided more braking force, but subjected the vehicle to greater structural stresses. The single-engine landing burn takes more time and fuel, but puts less stress on the vehicle.",0,1,0,1,ASDS
34,Amos-6,2016-09-01T13:07:00.000Z,5e9d0d95eda69973a809d1ec,Falcon 9,5e9e4501f509094ba4566f84,CCSFS SLC 40,0,1,"The rocket and Amos-6 payload were lost in a launch pad explosion on September 1, 2016 during propellant fill prior to a static fire test. The pad was clear of personnel and there were no injuries.",0,1,0,0,ASDS
35,Iridium NEXT Mission 1,2017-01-14T17:54:00.000Z,5e9d0d95eda69973a809d1ec,Falcon 9,5e9e4502f509092b78566f87,VAFB SLC 4E,1,0,"Return-to-flight mission after the loss of Amos-6 in September 2016. Iridium NEXT will replace the original Iridium constellation, launched in the late 1990s. Each Falcon mission will carry 10 satellites, with a goal to complete deployment of the 66 plus 9 spare satellite constellation by mid 2018. The first two Iridium qualification units were supposed to ride a Dnepr rocket in April 2016 but were delayed, so Iridium decided to qualify the first batch of 10 satellites instead.",0,1,0,1,ASDS
36,CRS-10,2017-02-19T14:39:00.000Z,5e9d0d95eda69973a809d1ec,Falcon 9,5e9e4502f509094188566f88,KSC LC 39A,1,0,"First Falcon 9 flight from the historic LC-39A launchpad at Kennedy Space Center, carrying supplies and materials to support dozens of science and research investigations scheduled during ISS Expeditions 50 and 51. The first stage returned to launch site and landed at LZ-1.",0,1,0,1,RTLS
37,EchoStar 23,2017-03-16T06:00:00.000Z,5e9d0d95eda69973a809d1ec,Falcon 9,5e9e4502f509094188566f88,KSC LC 39A,1,0,"Communications satellite for EchoStar Corp. EchoStar XXIII, based on a spare platform from the cancelled CMBStar 1 satellite program, will provide direct-to-home television broadcast services over Brazil. There was no attempt at a first-stage recovery so this rocket did not have landing legs or grid fins.",0,1,0,0,
38,SES-10,2017-03-30T22:27:00.000Z,5e9d0d95eda69973a809d1ec,Falcon 9,5e9e4502f509094188566f88,KSC LC 39A,1,0,"First payload to fly on a reused first stage, B1021, previously launched with CRS-8, which also landed a second time. In what is also a first, the payload fairing remained intact after a successful splashdown achieved with thrusters and a steerable parachute.",0,1,1,1,ASDS
39,NROL-76,2017-05-01T11:15:00.000Z,5e9d0d95eda69973a809d1ec,Falcon 9,5e9e4502f509094188566f88,KSC LC 39A,1,0,"First launch under SpaceX's certification for national security space missions, which allows SpaceX to contract launch services for classified payloads. Second-stage speed and altitude telemetry were omitted from the launch webcast, which displayed first-stage telemetry instead, with continuous tracking of the booster from liftoff to landing for the first time.",0,1,0,1,RTLS
40,Inmarsat-5 F4,2017-05-15T23:21:00.000Z,5e9d0d95eda69973a809d1ec,Falcon 9,5e9e4502f509094188566f88,KSC LC 39A,1,0,"At 6,070 kg this was the heaviest payload launched to GTO by a Falcon 9 rocket. The launch was originally scheduled for the Falcon Heavy, but performance improvements allowed the mission to be carried out by an expendable Falcon 9 instead.",0,1,0,0,
41,CRS-11,2017-06-03T21:07:00.000Z,5e9d0d95eda69973a809d1ec,Falcon 9,5e9e4502f509094188566f88,KSC LC 39A,1,0,"This mission delivered the Neutron Star Interior Composition Explorer (NICER) to the ISS, along with the MUSES Earth imaging platform and ROSA solar array. For the first time, this mission launched a refurbished Dragon capsule, serial number C106 which first flew in September 2014 on the CRS-4 mission. Originally scheduled to launch on June 1, but was scrubbed due to inclement weather.",0,1,0,1,RTLS
42,BulgariaSat-1,2017-06-23T19:10:00.000Z,5e9d0d95eda69973a809d1ec,Falcon 9,5e9e4502f509094188566f88,KSC LC 39A,1,0,Second time a booster will be reused: Second flight of B1029 after the Iridium mission of January 2017. The satellite will be the first commercial Bulgarian-owned communications satellite and it will provide television broadcasts and other communications services over southeast Europe.,0,1,1,1,ASDS
43,Iridium NEXT Mission 2,2017-06-25T20:25:00.000Z,5e9d0d95eda69973a809d1ec,Falcon 9,5e9e4502f509092b78566f87,VAFB SLC 4E,1,0,First flight with titanium grid fins to improve control authority and better cope with heat during re-entry.,0,1,0,1,ASDS
44,Intelsat 35e,2017-07-05T23:35:00.000Z,5e9d0d95eda69973a809d1ec,Falcon 9,5e9e4502f509094188566f88,KSC LC 39A,1,0,"Due to the constraints of sending a heavy satellite (~6,000 kg) to GTO, the rocket will fly in its expendable configuration and the first-stage booster will not be recovered.",0,1,0,0,
45,CRS-12,2017-08-14T16:31:00.000Z,5e9d0d95eda69973a809d1ec,Falcon 9,5e9e4502f509094188566f88,KSC LC 39A,1,0,"Dragon is expected to carry 2,349 kg (5,179 lb) of pressurized mass and 961 kg (2,119 lb) unpressurized. The external payload manifested for this flight is the CREAM cosmic-ray detector. First flight of the Falcon 9 Block 4 upgrade. Last flight of a newly-built Dragon capsule; further missions will use refurbished spacecraft.",0,1,0,1,RTLS
46,FormoSat-5,2017-08-24T18:50:00.000Z,5e9d0d95eda69973a809d1ec,Falcon 9,5e9e4502f509092b78566f87,VAFB SLC 4E,1,0,Formosat-5 is an Earth observation satellite of the Taiwanese space agency. The SHERPA space tug by Spaceflight Industries was removed from the cargo manifest of this mission. The satellite has a mass of only 475 kg.,0,1,0,1,ASDS
47,Boeing X-37B OTV-5,2017-09-07T13:50:00.000Z,5e9d0d95eda69973a809d1ec,Falcon 9,5e9e4502f509094188566f88,KSC LC 39A,1,0,"Notable because Boeing is the primary contractor of the X-37B, which has until now been launched by ULA, a SpaceX competitor and Boeing partnership. Second flight of the Falcon 9 Block 4 upgrade.",0,1,0,1,RTLS
48,Iridium NEXT Mission 3,2017-10-09T12:37:00.000Z,5e9d0d95eda69973a809d1ec,Falcon 9,5e9e4502f509092b78566f87,VAFB SLC 4E,1,0,Third of eight missions to launch Iridium's second generation constellation from VAFB,0,1,0,1,ASDS
49,SES-11 / Echostar 105,2017-10-11T22:53:00.000Z,5e9d0d95eda69973a809d1ec,Falcon 9,5e9e4502f509094188566f88,KSC LC 39A,1,0,"Nineteenth comsat to GTO, also the fourth satellite launched for SES and second for Echostar. Third time a first stage booster will be reused.",0,1,1,1,ASDS
50,KoreaSat 5A,2017-10-30T19:34:00.000Z,5e9d0d95eda69973a809d1ec,Falcon 9,5e9e4502f509094188566f88,KSC LC 39A,1,0,"KoreaSat 5A is a Ku-band satellite capable of providing communication services from East Africa and Central Asia to southern India, Southeast Asia, the Philippines, Guam, Korea, and Japan. The satellite will be placed in GEO at 113Â° East Longitude, and will provide services ranging from broadband internet to broadcasting services and maritime communications.",0,1,0,1,ASDS
51,CRS-13,2017-12-15T15:36:00.000Z,5e9d0d95eda69973a809d1ec,Falcon 9,5e9e4501f509094ba4566f84,CCSFS SLC 40,1,0,Will reuse the Dragon capsule previously flown on CRS-6 and will reuse the booster from CRS-11.,0,1,1,1,RTLS
52,Iridium NEXT Mission 4,2017-12-23T01:27:23.000Z,5e9d0d95eda69973a809d1ec,Falcon 9,5e9e4502f509092b78566f87,VAFB SLC 4E,1,0,"Reusing the booster first used on Iridium-2, but will be flying expendable.",0,1,1,1,Ocean
53,ZUMA,2018-01-08T01:00:00.000Z,5e9d0d95eda69973a809d1ec,Falcon 9,5e9e4501f509094ba4566f84,CCSFS SLC 40,1,0,"Originally planned for mid-November 2017, the mission was delayed due to test results from the fairing of another customer. First-stage booster will attempt landing at LZ-1",0,1,0,1,RTLS
54,SES-16 / GovSat-1,2018-01-31T21:25:00.000Z,5e9d0d95eda69973a809d1ec,Falcon 9,5e9e4501f509094ba4566f84,CCSFS SLC 40,1,0,"Reused booster from the classified NROL-76 mission in May 2017. Following a successful experimental ocean landing that used three engines, the booster unexpectedly remained intact; Elon Musk stated in a tweet that SpaceX will attempt to tow the booster to shore.",0,1,1,1,Ocean
55,Falcon Heavy Test Flight,2018-02-06T20:45:00.000Z,5e9d0d95eda69974db09d1ed,Falcon Heavy,5e9e4502f509094188566f88,KSC LC 39A,1,0,"The launch was a success, and the side boosters landed simultaneously at adjacent ground pads. Drone ship landing of the central core failed. Final burn to heliocentric mars-earth orbit was successful after the second stage and payload passed through the Van Allen belts.",0,1,2,0,ASDS
56,Paz / Starlink Demo,2018-02-22T14:17:00.000Z,5e9d0d95eda69973a809d1ec,Falcon 9,5e9e4502f509092b78566f87,VAFB SLC 4E,1,0,First flight with fairing 2.0. Will also carry two SpaceX test satellites for the upcoming Starlink constellation.,0,2,1,0,
57,Hispasat 30W-6,2018-03-06T05:33:00.000Z,5e9d0d95eda69973a809d1ec,Falcon 9,5e9e4501f509094ba4566f84,CCSFS SLC 40,1,0,Launched with landing legs and titanium grid fins. Did not attempt a landing due to 'unfavorable weather conditions in the recovery area'.,0,1,0,0,
58,Iridium NEXT Mission 5,2018-03-30T14:13:51.000Z,5e9d0d95eda69973a809d1ec,Falcon 9,5e9e4502f509092b78566f87,VAFB SLC 4E,1,0,"Fifth Iridium NEXT mission to deploy ten Iridium NEXT satellites. Reused booster from third Iridium flight, and although controlled descent was performed, the booster was expended into the ocean. SpaceX planned a second recovery attempt of one half of the fairing using the specially modified boat Mr. Steven. However, the fairing's parafoil twisted during the recovery, which led to water impact at high speed",0,1,1,0,
59,CRS-14,2018-04-02T20:30:41.000Z,5e9d0d95eda69973a809d1ec,Falcon 9,5e9e4501f509094ba4566f84,CCSFS SLC 40,1,0,"The launch used a refurbished booster (from CRS-12) for the 11th time, and a refurbished capsule (C110 from CRS-8) for the third time. External payloads include a materials research platform MISSE-FF phase 3 of the Robotic Refueling Mission TSIS, heliophysics sensor several crystallization experiments, and the RemoveDebris spacecraft aimed at space junk removal. The booster was expended in order to test a new landing profile.",0,1,1,0,
60,TESS,2018-04-18T22:51:00.000Z,5e9d0d95eda69973a809d1ec,Falcon 9,5e9e4501f509094ba4566f84,CCSFS SLC 40,1,0,"Part of the Explorers program, this space telescope is intended for wide-field search of exoplanets transiting nearby stars. It is the first NASA high priority science mission launched by SpaceX. It was the first time SpaceX launched a scientific satellite not primarily intended for Earth observations. The second stage placed it into a high-Earth elliptical orbit, after which the satellite's own booster will perform complex maneuvers including a lunar flyby, and over the course of two months, re",0,1,0,1,ASDS
61,Bangabandhu-1,2018-05-11T20:14:00.000Z,5e9d0d95eda69973a809d1ec,Falcon 9,5e9e4502f509094188566f88,KSC LC 39A,1,0,First launch of a Block V first stage.,0,1,0,1,ASDS
62,Iridium NEXT Mission 6,2018-05-22T19:47:58.000Z,5e9d0d95eda69973a809d1ec,Falcon 9,5e9e4502f509092b78566f87,VAFB SLC 4E,1,0,GFZ arranged a rideshare of GRACE-FO on a Falcon 9 with Iridium following the cancellation of their Dnepr launch contract in 2015. Iridium CEO Matt Desch disclosed in September 2017 that GRACE-FO would be launched on the sixth Iridium NEXT mission. The booster reuse turnaround was a record 4.5 months between flights.,0,2,1,0,
63,SES-12,2018-06-04T04:45:00.000Z,5e9d0d95eda69973a809d1ec,Falcon 9,5e9e4501f509094ba4566f84,CCSFS SLC 40,1,0,"SES-12, the replacement satellite for NSS-6, was successfully launched and deployed on June 4th, completing SpaceX's eleventh flight of 2018. According to SES Luxembourg, The SES-12 satellite will expand SES’s capabilities to provide direct-to-home (DTH) broadcasting, VSAT, Mobility and High Throughput Satellite (HTS) data connectivity services in the Middle East and the Asia-Pacific region, including rapidly growing markets such as India and Indonesia. [SES-12] will be co-located with SES-8",0,1,1,0,
64,CRS-15,2018-06-29T09:42:00.000Z,5e9d0d95eda69973a809d1ec,Falcon 9,5e9e4501f509094ba4566f84,CCSFS SLC 40,1,0,"Payload included MISSE-FF 2, ECOSTRESS, and a Latching End Effector. The refurbished booster featured a record 2.5 months period turnaround from its original launch of the TESS satellite — the fastest previous was 4.5 months. This was the last commercial flight of a Block 4 booster, which was expended into the Atlantic without landing legs and grid fins.",0,1,1,0,
65,Telstar 19V,2018-07-22T05:50:00.000Z,5e9d0d95eda69973a809d1ec,Falcon 9,5e9e4501f509094ba4566f84,CCSFS SLC 40,1,0,"SSL-manufactured communications satellite intended to be placed at 63° West over the Americas. At 7,075 kg, it became the heaviest commercial communications satellite ever launched.",0,1,0,1,ASDS
66,Iridium NEXT Mission 7,2018-07-25T11:39:26.000Z,5e9d0d95eda69973a809d1ec,Falcon 9,5e9e4502f509092b78566f87,VAFB SLC 4E,1,0,"SpaceX's fourteenth flight of 2018 and seventh of eight launches in a half-a-billion-dollar contract with Iridium. Will use a Block 5 first stage, to be recovered in the Pacific Ocean. Only one mission will be left for Iridium, with 10 more satellites. First attempt to recover a Fairing with the upgraded net. Fairing recovery was not successful.",0,1,0,1,ASDS
67,Merah Putih,2018-08-07T05:18:00.000Z,5e9d0d95eda69973a809d1ec,Falcon 9,5e9e4501f509094ba4566f84,CCSFS SLC 40,1,0,SpaceX's fifteenth flight of 2018 launched the Merah Putih (also known as Telkom-4) geostationary communications satellite for Telkom Indonesia. It marked the first reuse of any Block 5 first stage; the booster B1046 had previously launched Bangabandhu-1. The stage was recovered and is expected to become the first Falcon 9 booster to fly three missions.,0,1,1,1,ASDS
68,Telstar 18V,2018-09-10T04:45:00.000Z,5e9d0d95eda69973a809d1ec,Falcon 9,5e9e4501f509094ba4566f84,CCSFS SLC 40,1,0,"SpaceX's sixteenth flight of 2018 launched the Telstar 18v GEO communication satellite for Telesat, the second launch for the canadian company in a few months. The first stage was a new Falcon 9 V1.2 Block 5 which was successfully recovered on OCISLY.",0,1,0,1,ASDS
69,SAOCOM 1A,2018-10-08T02:22:00.000Z,5e9d0d95eda69973a809d1ec,Falcon 9,5e9e4502f509092b78566f87,VAFB SLC 4E,1,0,"SpaceX's seventeenth flight of 2018 was the first launch of the Saocom Earth observation satellite constellation of the Argentine Space Agency CONAE. The second launch of Saocom 1B will happen in 2019. This flight marked the first RTLS launch out of Vandenberg, with a landing on the concrete pad at SLC-4W, very close to the launch pad.",0,1,1,1,RTLS
70,Es’hail 2,2018-11-15T20:46:00.000Z,5e9d0d95eda69973a809d1ec,Falcon 9,5e9e4502f509094188566f88,KSC LC 39A,1,0,SpaceX's eighteenth flight of 2018 was its first for Es'hailSat. Es'hail-2 is a communications satellite delivering television and internet to Qatar and the surrounding region. It was launched into a geostationary transfer orbit from LC-39A at Kennedy Space Center. The booster landed on OCISLY.,0,1,1,1,ASDS
71,SSO-A,2018-12-03T18:34:00.000Z,5e9d0d95eda69973a809d1ec,Falcon 9,5e9e4502f509092b78566f87,VAFB SLC 4E,1,0,SpaceX's nineteenth flight of 2018 will fly SSO-A: SmallSat Express out of Vandenberg SLC-4E for Spaceflight. SSO-A is a rideshare to sun synchronus low earth orbit consisting of 64 individual microsatellites and cubesats. It is also likely to be the third flight of core B1046 which previously flew Bangabandhu-1 and Merah Putih. If this happens it will be the first time a Falcon 9 has flown more than two missions. ,0,1,1,1,ASDS
72,CRS-16,2018-12-05T18:16:00.000Z,5e9d0d95eda69973a809d1ec,Falcon 9,5e9e4501f509094ba4566f84,CCSFS SLC 40,1,0,"SpaceX's 16th Crew Resupply Mission on behalf of NASA, with a total of 20 contracted flights. This will bring essential supplies to the International Space Station using SpaceX's reusable Dragon spacecraft. The Falcon 9 will launch from SLC-40 at Cape Canaveral Air Force Station. During the landing of the first stage, a grid fin hydraulic pump stalled, causing the core to enter an uncontrolled roll, and resulting in a (succesful) water landing.",0,1,0,0,RTLS
73,GPS III SV01,2018-12-23T13:51:00.000Z,5e9d0d95eda69973a809d1ec,Falcon 9,5e9e4501f509094ba4566f84,CCSFS SLC 40,1,0,SpaceX's twenty-first flight of 2018 launched the first of the new GPS III satellites (Block IIIA) for the United States Air Force and was SpaceX's first EELV mission. The spacecraft was delivered to a MEO transfer orbit from SLC-40 at Cape Canaveral Air Force Station. This mission was the first to fly with the redesigned COPV on the first stage (B1054) as well as the second. The booster was expended.,0,1,0,0,
74,Iridium NEXT Mission 8,2019-01-11T15:31:00.000Z,5e9d0d95eda69973a809d1ec,Falcon 9,5e9e4502f509092b78566f87,VAFB SLC 4E,1,0,"SpaceX's first flight of 2019 will be the eighth and final launch of its planned Iridium flights. Delivering 10 satellites to low earth orbit, this brings the total up to 75 and completes the Iridium NEXT constellation. This mission launches from SLC-4E at Vandenberg AFB. The booster is expected to land on JRTI.",0,1,1,1,ASDS
75,Nusantara Satu (PSN-6) / S5 / Beresheet,2019-02-22T01:45:00.000Z,5e9d0d95eda69973a809d1ec,Falcon 9,5e9e4501f509094ba4566f84,CCSFS SLC 40,1,0,"SpaceX will launch this rideshare to GTO for Space Systems Loral (SSL). The primary payload for this mission is Nusantara Satu, a communications satellite built by SSL for the private Indonesian company PT Pasifik Satelit Nusantara (PSN). Spaceflight Industries' GTO-1 mission consists of two secondary payloads. One of those is Beresheet, the lunar lander built by the Israeli non-profit organization, SpaceIL. Beresheet will make its own way to the moon from GTO. The other secondary is Air Force R",0,3,1,1,ASDS
76,CCtCap Demo Mission 1,2019-03-02T07:45:00.000Z,5e9d0d95eda69973a809d1ec,Falcon 9,5e9e4502f509094188566f88,KSC LC 39A,1,0,"Demonstration Mission 1 (DM-1) will launch Dragon 2 as part of NASA's Commercial Crew Transportation Capability program. This mission will demonstrate Dragon 2, and Falcon 9 in its configuration for crewed missions. DM-1 will launch from LC-39A at Kennedy Space Center, likely carrying some cargo to the International Space Station. The booster is expected to land on OCISLY.",0,1,0,1,ASDS
77,ArabSat 6A,2019-04-11T22:35:00.000Z,5e9d0d95eda69974db09d1ed,Falcon Heavy,5e9e4502f509094188566f88,KSC LC 39A,1,0,"SpaceX will launch Arabsat 6A to a geostationary transfer orbit from SLC-39A, KSC. The satellite is a geostationary telecommunications satellite built by Lockheed Martin for the Saudi Arabian company Arabsat. This will be the first operational flight of Falcon Heavy, and also the first Block 5 Falcon Heavy. All three cores will be new Block 5 cores. The side cores are expected to land at LZ-1 and LZ-2, and the center core is expected to land on OCISLY.",0,1,0,1,ASDS
78,CRS-17,2019-05-04T06:48:00.000Z,5e9d0d95eda69973a809d1ec,Falcon 9,5e9e4501f509094ba4566f84,CCSFS SLC 40,1,0,"SpaceX's 17th Commercial Resupply Services mission for NASA out of a total of 20 contracted flights, this mission brings essential supplies to the International Space Station using SpaceX's reusable Dragon 1 spacecraft. The external payloads for this mission include Orbital Carbon Observatory 3 and Space Test Program-Houston 6. The Falcon 9 launches from SLC-40 at Cape Canaveral AFS. The booster was expected to land at LZ-1, however, due to the ongoing investigation and clean-up following the Cr",0,1,0,1,ASDS
79,Starlink v0.9,2019-05-24T02:30:00.000Z,5e9d0d95eda69973a809d1ec,Falcon 9,5e9e4501f509094ba4566f84,CCSFS SLC 40,1,0,"SpaceX will launch dozens of Starlink demonstration satellites from SLC-40, Cape Canaveral AFS. Starlink is a low Earth orbit broadband internet constellation developed and owned by SpaceX which will eventually consist of nearly 12 000 satellites and will provide low latency internet service to ground terminals around the world. Two prototype satellites, Microsats 2a and 2b, were launched from Vandenberg AFB in February 2018. The booster for this mission will land on OCISLY.",0,1,1,1,ASDS
80,RADARSAT Constellation,2019-06-12T14:17:00.000Z,5e9d0d95eda69973a809d1ec,Falcon 9,5e9e4502f509092b78566f87,VAFB SLC 4E,1,0,"SpaceX is launching the three satellite RADARSAT Constellation Mission into Sun Synchronous orbit from SLC-4E, VAFB. The RCM spacecraft are synthetic aperture radar (SAR) Earth observation satellites built by the Canadian space company, MDA, for the Canadian Space Agency. This mission was delayed when the originally slated booster failed to land after CRS-16. The booster is expected to return to LZ-4.",0,1,1,1,RTLS
81,STP-2,2019-06-25T03:30:00.000Z,5e9d0d95eda69974db09d1ed,Falcon Heavy,5e9e4502f509094188566f88,KSC LC 39A,1,0,"Space Test Program 2 is a rideshare managed by the U.S. Air Force Space and Missile Systems Center (SMC), launching from LC-39A, KSC. Most of the spacecraft will be delivered into low Earth orbit (LEO) in two deployment sequences separated by a second stage burn. These LEO payloads include the six Taiwan and United States owned COSMIC-2 microsatellites, the Planetary Society's LightSail-B demonstrator cubesat, and others. The third and final deployment will be the Air Force Research Lab's DSX sp",0,16,2,0,ASDS
82,CRS-18,2019-07-25T22:01:00.000Z,5e9d0d95eda69973a809d1ec,Falcon 9,5e9e4501f509094ba4566f84,CCSFS SLC 40,1,0,"SpaceX's 18th Commercial Resupply Services mission out of a total of 20 such contracted flights for NASA, this launch will deliver essential supplies to the International Space Station using the reusable Dragon 1 cargo spacecraft. The external payload for this mission is International Docking Adapter 3, replacing IDA-1 lost in SpaceX's CRS-7 launch failure. This mission will launch from SLC-40 at Cape Canaveral AFS on a Falcon 9, and the first-stage booster is expected to land back at CCAFS LZ-1",0,1,1,1,RTLS
83,Amos-17,2019-08-06T22:52:00.000Z,5e9d0d95eda69973a809d1ec,Falcon 9,5e9e4501f509094ba4566f84,CCSFS SLC 40,1,0,"SpaceX will launch Boeing built Amos-17, a geostationary communications satellite for Israeli company Spacecom. The satellite will be delivered to GTO from KSC LC-39A or possibly CCAFS SLC-40, and will replace the defunct Amos-5 at 17° E. Amos-17 carries multi-band high throughput and regional beams servicing Africa, Europe and the Middle East. The cost of this launch is covered for Spacecom by SpaceX credit following the Amos-6 incident. A recovery of the booster for this mission is not expecte",0,1,1,0,
84,Starlink-1,2019-11-11T14:56:00.000Z,5e9d0d95eda69973a809d1ec,Falcon 9,5e9e4501f509094ba4566f84,CCSFS SLC 40,1,0,"This mission will launch the first batch of Starlink version 1.0 satellites, from SLC-40, Cape Canaveral AFS. They are expected to contribute to the 550 km x 53° shell. It is the second Starlink launch overall. Starlink is a low Earth orbit broadband internet constellation developed and owned by SpaceX which will eventually consist of nearly 12 000 satellites and will provide low latency internet service to ground terminals around the world. The booster for this mission is expected to land on OC",0,1,1,1,ASDS
85,CRS-19,2019-12-05T17:29:23.000Z,5e9d0d95eda69973a809d1ec,Falcon 9,5e9e4501f509094ba4566f84,CCSFS SLC 40,1,0,"SpaceX's 19th Crew Resupply Mission on behalf of NASA with a total of 20 contracted flights, this mission brings essential supplies to the International Space Station using SpaceX's reusable Dragon spacecraft. The external payloads for this mission include the Hyperspectral Imager Suite and a lithium-ion battery. Falcon 9 and Dragon will launch from SLC-40, Cape Canaveral AFS. The mission will be complete with return and recovery of the Dragon capsule and down cargo.",0,1,0,1,ASDS
86,JCSat 18 / Kacific 1,2019-12-17T00:10:00.000Z,5e9d0d95eda69973a809d1ec,Falcon 9,5e9e4501f509094ba4566f84,CCSFS SLC 40,1,0,SpaceX will launch the Boeing built dual payload satellite to geostationary transfer orbit from XXXX. JCSat 18 is a mobile broadband communications payload built for Sky Perfect JSAT Corporation of Japan and will service Asia Pacific. Kacific 1 is a high throughput broadband internet payload built for Kacific Broadband Satellites and will service certain high demand areas of Southeast Asia and the Pacific. Both payloads share a single chassis. The booster for this mission is expected to land on ,0,1,1,1,ASDS
87,Starlink-2,2020-01-07T02:19:00.000Z,5e9d0d95eda69973a809d1ec,Falcon 9,5e9e4501f509094ba4566f84,CCSFS SLC 40,1,0,"This mission will launch the second batch of Starlink version 1.0 satellites, from SLC-40, Cape Canaveral AFS. They are expected to contribute to the 550 km x 53° shell. It is the third Starlink launch overall. Starlink is a low Earth orbit broadband internet constellation developed and owned by SpaceX which will eventually consist of nearly 12 000 satellites and will provide low latency internet service to ground terminals around the world. The booster for this mission is expected to land on OC",0,1,1,1,ASDS
88,Crew Dragon In Flight Abort Test,2020-01-19T14:00:00.000Z,5e9d0d95eda69973a809d1ec,Falcon 9,5e9e4502f509094188566f88,KSC LC 39A,1,0,"SpaceX will launch a Crew Dragon capsule from LC-39A, KSC on a fully fueled Falcon 9 rocket and then trigger the launch escape system during the period of maximum dynamic pressure. As part of NASA'a Commercial Crew Integrated Capability program (CCiCap) this test will contribute valuable data to help validate Crew Dragon and its launch abort system. The Crew Dragon will be recovered by GO Searcher after splashdown in the Atlantic Ocean. This flight does not go to orbit. The booster and upper sta",0,1,1,0,
89,Starlink-3,2020-01-29T14:06:00.000Z,5e9d0d95eda69973a809d1ec,Falcon 9,5e9e4501f509094ba4566f84,CCSFS SLC 40,1,0,"This mission will launch the third batch of Starlink version 1.0 satellites, from SLC-40, Cape Canaveral AFS. It is the fourth Starlink launch overall. The satellites will be delivered to low Earth orbit and will spend a few weeks maneuvering to their operational altitude of 550 km. The booster for this mission is expected to land on OCISLY.",0,1,1,1,ASDS
90,Starlink-4,2020-02-17T15:05:55.000Z,5e9d0d95eda69973a809d1ec,Falcon 9,5e9e4501f509094ba4566f84,CCSFS SLC 40,1,0,"This mission will launch the fourth batch of Starlink version 1.0 satellites, from SLC-40, Cape Canaveral AFS. It is the fifth Starlink launch overall. The satellites will be delivered to low Earth orbit and will spend a few weeks maneuvering to their operational altitude of 550 km. The booster for this mission is expected to land on OCISLY.",0,1,1,0,ASDS
91,CRS-20,2020-03-07T04:50:31.000Z,5e9d0d95eda69973a809d1ec,Falcon 9,5e9e4501f509094ba4566f84,CCSFS SLC 40,1,0,"SpaceX's 20th and final Crew Resupply Mission under the original NASA CRS contract, this mission brings essential supplies to the International Space Station using SpaceX's reusable Dragon spacecraft. It is the last scheduled flight of a Dragon 1 capsule. (CRS-21 and up under the new Commercial Resupply Services 2 contract will use Dragon 2.) The external payload for this mission is the Bartolomeo ISS external payload hosting platform. Falcon 9 and Dragon will launch from SLC-40, Cape Canaveral ",0,1,1,1,RTLS
92,Starlink-5,2020-03-18T12:16:00.000Z,5e9d0d95eda69973a809d1ec,Falcon 9,5e9e4502f509094188566f88,KSC LC 39A,1,0,"The sixth Starlink launch overall and the fifth operational batch of Starlink satellites will launch into orbit aboard a Falcon 9 rocket. This mission is expected to deploy all sixty satellites into an elliptical orbit about fifteen minutes into flight. In the weeks following launch the satellites are expected to utilize their onboard ion thrusters to raise their orbits to 550 km in three groups of 20, making use of precession rates to separate themselves into three planes. The booster will land",0,1,1,0,ASDS
93,Starlink-6,2020-04-22T19:30:00.000Z,5e9d0d95eda69973a809d1ec,Falcon 9,5e9e4502f509094188566f88,KSC LC 39A,1,0,"This mission will launch the sixth batch of operational Starlink satellites, which are expected to be version 1.0, from SLC-40, Cape Canaveral AFS. It is the seventh Starlink launch overall. The satellites will be delivered to low Earth orbit and will spend a few weeks maneuvering to their operational altitude of 550 km. The booster for this mission is expected to land on OCISLY.",0,1,1,1,ASDS
94,CCtCap Demo Mission 2,2020-05-30T19:22:00.000Z,5e9d0d95eda69973a809d1ec,Falcon 9,5e9e4502f509094188566f88,KSC LC 39A,1,0,"SpaceX will launch the second demonstration mission of its Crew Dragon vehicle as part of NASA's Commercial Crew Transportation Capability Program (CCtCap), carrying two NASA astronauts to the International Space Station. Barring unexpected developments, this mission will be the first crewed flight to launch from the United States since the end of the Space Shuttle program in 2011. DM-2 demonstrates the Falcon 9 and Crew Dragon's ability to safely transport crew to the space station and back to ",2,1,0,1,ASDS
95,Starlink-7,2020-06-04T01:25:00.000Z,5e9d0d95eda69973a809d1ec,Falcon 9,5e9e4501f509094ba4566f84,CCSFS SLC 40,1,0,"This mission will launch the seventh batch of operational Starlink satellites, which are expected to be version 1.0, from SLC-40, Cape Canaveral AFS. It is the eighth Starlink launch overall. The satellites will be delivered to low Earth orbit and will spend a few weeks maneuvering to their operational altitude of 550 km. The booster for this mission is expected to land on JRTI on its first mission since arriving at Port Canaveral.",0,1,1,1,ASDS
96,Starlink-8 & SkySat 16-18,2020-06-13T09:21:00.000Z,5e9d0d95eda69973a809d1ec,Falcon 9,5e9e4501f509094ba4566f84,CCSFS SLC 40,1,0,"This mission will launch the eighth batch of operational Starlink satellites, which are expected to be version 1.0, from SLC-40, Cape Canaveral AFS. It is the ninth Starlink launch overall. The satellites will be delivered to low Earth orbit and will spend a few weeks maneuvering to their operational altitude of 550 km. This mission is includes rideshare payloads, SkySats 16-18, on top of the Starlink stack. The booster for this mission is expected to land an ASDS.",0,1,1,1,ASDS
97,GPS III SV03 (Columbus),2020-06-30T19:55:00.000Z,5e9d0d95eda69973a809d1ec,Falcon 9,5e9e4501f509094ba4566f84,CCSFS SLC 40,1,0,"SpaceX will launch GPS Block III Space Vehicle 03 from SLC-40, Cape Canaveral AFS aboard a Falcon 9. GPS III is owned and operated by the US Air Force and produced by Lockheed Martin. This is the third GPS III satellite and the second launched by SpaceX. The satellite will be delivered into a MEO transfer orbit. The booster for this mission is expected to land on an ASDS.",0,1,0,1,ASDS
98,ANASIS-II,2020-07-20T21:30:00.000Z,5e9d0d95eda69973a809d1ec,Falcon 9,5e9e4501f509094ba4566f84,CCSFS SLC 40,1,0,"SpaceX will launch ANASIS-II, a South Korean geostationary military communication satellite from LC-39A, Kennedy Space Center. It will be South Korea's first dedicated military communications satellite. Falcon 9 will deliver the satellite to a geostationary transfer orbit. The booster is expected to land downrange on an ASDS.",0,1,1,1,ASDS
99,Starlink-9 (v1.0) & BlackSky Global 5-6,2020-08-07T05:12:00.000Z,5e9d0d95eda69973a809d1ec,Falcon 9,5e9e4502f509094188566f88,KSC LC 39A,1,0,"This mission will launch the ninth batch of operational Starlink satellites, which are expected to be version 1.0, from LC-39A, Kennedy Space Center. It is the tenth Starlink launch overall. The satellites will be delivered to low Earth orbit and will spend a few weeks maneuvering to their operational altitude of 550 km. This mission is includes a rideshare of two BlackSky satellites on top of the Starlink stack. The booster for this mission is expected to land an ASDS.",0,2,1,1,ASDS
100,Starlink-10 (v1.0) & SkySat 19-21,2020-08-18T14:31:00.000Z,5e9d0d95eda69973a809d1ec,Falcon 9,5e9e4501f509094ba4566f84,CCSFS SLC 40,1,0,"This mission will launch the tenth batch of operational Starlink satellites, which are expected to be version 1.0, from LC-39A, Kennedy Space Center. It is the eleventh Starlink launch overall. The satellites will be delivered to low Earth orbit and will spend a few weeks maneuvering to their operational altitude of 550 km. This mission is includes rideshare payloads, SkySats 19-21, on top of the Starlink stack. The booster for this mission is expected to land on an ASDS.",0,1,1,1,ASDS
101,"SAOCOM 1B, GNOMES-1, Tyvak-0172",2020-08-30T23:18:00.000Z,5e9d0d95eda69973a809d1ec,Falcon 9,5e9e4501f509094ba4566f84,CCSFS SLC 40,1,0,"SpaceX's Falcon 9 will launch the second of the two satellite SAOCOM 1 satellites into a sun-synchronous polar orbit from SLC-40, Cape Canaveral AFS. SAOCOM 1B is a synthetic aperture radar Earth observation satellite to support disaster management. The SAOCOM spacecraft are operated by CONAE, the Argentinian National Space Activities Commission, and are built by INVAP. This mission is also expected to include rideshare payloads Sequoia, and GNOMES-1. This will be the first polar launch from the",0,1,1,1,RTLS
102,Starlink-11 (v1.0),2020-09-03T12:46:00.000Z,5e9d0d95eda69973a809d1ec,Falcon 9,5e9e4502f509094188566f88,KSC LC 39A,1,0,"This mission will launch the eleventh batch of operational Starlink satellites, which are expected to be version 1.0, from SLC-40, Cape Canaveral Air Force Station. It is the twelfth Starlink launch overall. The satellites will be delivered to low Earth orbit and will spend a few weeks maneuvering to their operational altitude of 550 km. The booster for this mission is expected to land on an ASDS.",0,1,1,1,ASDS
103,Starlink-12 (v1.0),2020-10-06T11:29:00.000Z,5e9d0d95eda69973a809d1ec,Falcon 9,5e9e4502f509094188566f88,KSC LC 39A,1,0,"This mission will launch the twelfth batch of operational Starlink satellites, which are expected to be version 1.0, from SLC-40, Cape Canaveral Air Force Station. It is the thirteenth Starlink launch overall. The satellites will be delivered to low Earth orbit and will spend a few weeks maneuvering to their operational altitude of 550 km. The booster for this mission is expected to land on an ASDS.",0,1,1,1,ASDS
104,Starlink-13 (v1.0),2020-10-18T12:25:00.000Z,5e9d0d95eda69973a809d1ec,Falcon 9,5e9e4502f509094188566f88,KSC LC 39A,1,0,"This mission will launch the thirteenth batch of operational Starlink satellites, which are expected to be version 1.0, from LC-39A, Kennedy Space Center. It is the fourteenth Starlink launch overall. The satellites will be delivered to low Earth orbit and will spend a few weeks maneuvering to their operational altitude of 550 km. The booster for this mission is expected to land on an ASDS.",0,1,1,1,ASDS
105,Starlink-14 (v1.0),2020-10-24T15:31:00.000Z,5e9d0d95eda69973a809d1ec,Falcon 9,5e9e4501f509094ba4566f84,CCSFS SLC 40,1,0,"This mission will launch the fourteenth batch of operational Starlink satellites, which are expected to be version 1.0, from SLC-40, Kennedy Space Center. It is the fifteenth Starlink launch overall. The satellites will be delivered to low Earth orbit and will spend a few weeks maneuvering to their operational altitude of 550 km. The booster for this mission is expected to land on JRTI.",0,1,1,1,ASDS
106,GPS III SV04 (Sacagawea),2020-11-05T23:24:00.000Z,5e9d0d95eda69973a809d1ec,Falcon 9,5e9e4501f509094ba4566f84,CCSFS SLC 40,1,0,"SpaceX will launch GPS Block III Space Vehicle 04 from SLC-40, Cape Canaveral AFS aboard a Falcon 9. GPS III is owned and operated by the US Air Force and produced by Lockheed Martin. This will be the fourth GPS III satellite launched and the third launched by SpaceX. The satellite will be delivered into a MEO transfer orbit. The booster for this mission will land on an ASDS.",0,1,0,1,ASDS
107,Crew-1,2020-11-16T00:27:00.000Z,5e9d0d95eda69973a809d1ec,Falcon 9,5e9e4502f509094188566f88,KSC LC 39A,1,0,"SpaceX will launch the first operational mission of its Crew Dragon vehicle as part of NASA's Commercial Crew Transportation Capability Program (CCtCap), carrying 3 NASA astronauts and 1 JAXA astronaut to the International Space Station. This mission will be the second crewed flight to launch from the United States since the end of the Space Shuttle program in 2011.",4,1,0,1,ASDS
108,Sentinel-6 Michael Freilich,2020-11-21T17:17:00.000Z,5e9d0d95eda69973a809d1ec,Falcon 9,5e9e4502f509092b78566f87,VAFB SLC 4E,1,0,"SpaceX will launch Sentinel-6 Michael Freilich into low Earth orbit for NASA, NOAA, ESA, and the European Organization for the Exploitation of Meteorological Satellites aboard a Falcon 9 from SLC-4E, Vandenberg Air Force Station. Sentinel-6(A) is an ocean observation satellite providing radar ocean surface altimetry data and also atmospheric temperature profiles as a secondary mission. The booster for this mission is will land at LZ-4.",0,1,0,1,RTLS
109,Starlink-15 (v1.0),2020-11-25T02:13:00.000Z,5e9d0d95eda69973a809d1ec,Falcon 9,5e9e4501f509094ba4566f84,CCSFS SLC 40,1,0,"This mission will launch the fifteenth batch of operational Starlink satellites, which are version 1.0, from SLC-40, Cape Canaveral Air Force Station. It will be the sixteenth Starlink launch overall. The satellites will be delivered to low Earth orbit and will spend a few weeks maneuvering to their operational altitude of 550 km. The booster for this mission is expected to land on an ASDS.",0,1,1,1,ASDS
110,CRS-21,2020-12-06T16:17:00.000Z,5e9d0d95eda69973a809d1ec,Falcon 9,5e9e4502f509094188566f88,KSC LC 39A,1,0,"SpaceX's 21st ISS resupply mission on behalf of NASA and the first under the CRS-2 contract, this mission brings essential supplies to the International Space Station using the cargo variant of SpaceX's Dragon 2 spacecraft. The external payload for this mission is the Nanoracks Bishop Airlock. Falcon 9 and Dragon launch from LC-39A, Kennedy Space Center and the booster is expected to land on an ASDS. The mission will be complete with return and recovery of the Dragon capsule and down cargo.",0,1,1,1,ASDS
111,SXM-7,2020-12-13T17:30:00.000Z,5e9d0d95eda69973a809d1ec,Falcon 9,5e9e4501f509094ba4566f84,CCSFS SLC 40,1,0,"SpaceX will launch the first of two next generation high power S-band broadcast satellites for SiriusXM. The spacecraft will be delivered into a geostationary transfer orbit and the booster will be recovered downrange. The spacecraft is built by Space Systems Loral (SSL) on the SSL 1300 platform and includes two solar arrays producing 20kW, and an unfurlable antenna dish. SXM-7 will replace XM-3 in geostationary orbit.",0,1,1,1,ASDS
112,NROL-108,2020-12-19T14:00:00.000Z,5e9d0d95eda69973a809d1ec,Falcon 9,5e9e4502f509094188566f88,KSC LC 39A,1,0,"SpaceX will launch NROL-108 for the National Reconnaissance Office aboard a Falcon 9 from SLC-40, Cape Canaveral Air Force Station. The booster for this mission is expected to land at LZ-1.",0,1,1,1,RTLS
113,Turksat 5A,2021-01-08T02:15:00.000Z,5e9d0d95eda69973a809d1ec,Falcon 9,5e9e4501f509094ba4566f84,CCSFS SLC 40,1,0,"SpaceX will launch the first of two next generation satellites on contract for Türksat. Türksat 5A is a Ku-band broadcast satellite built by Airbus Defense and Space and based on the Electric Orbit Raising version of the Eurostar E3000 platform. This spacecraft will be delivered into a transfer orbit and will then raise itself to its operational 31° East geostationary orbit to serve Turkey, the Middle East, Europe, North Africa and South Africa. The booster for this mission will be recovered dow",0,1,1,1,ASDS
114,Starlink-16 (v1.0),2021-01-20T13:02:00.000Z,5e9d0d95eda69973a809d1ec,Falcon 9,5e9e4502f509094188566f88,KSC LC 39A,1,0,"This mission launches the sixteenth batch of operational Starlink satellites, which are version 1.0, from SLC-40 or LC-39A. It is the seventeenth Starlink launch overall. The satellites will be delivered to low Earth orbit and will spend a few weeks maneuvering to their operational altitude. The booster is expected to land on an ASDS.",0,1,1,1,ASDS
115,Transporter-1,2021-01-24T15:00:00.000Z,5e9d0d95eda69973a809d1ec,Falcon 9,5e9e4501f509094ba4566f84,CCSFS SLC 40,1,0,SpaceX will launch a dedicated rideshare mission from SLC-40 or LC-39A. The spacecraft will be delivered into a sun-synchronous orbit. The booster for this mission is expected to land on an ASDS.,0,1,1,1,ASDS
116,Starlink-18 (v1.0),2021-02-04T06:19:00.000Z,5e9d0d95eda69973a809d1ec,Falcon 9,5e9e4501f509094ba4566f84,CCSFS SLC 40,1,0,"This mission launches the eighteenth batch of operational Starlink satellites, which are version 1.0, from SLC-40. It is the nineteenth Starlink launch overall. The satellites will be delivered to low Earth orbit and will spend a few weeks maneuvering to their operational altitude. The booster is expected to land on an ASDS.",0,1,1,1,ASDS
117,Starlink-19 (v1.0),2021-02-16T03:59:00.000Z,5e9d0d95eda69973a809d1ec,Falcon 9,5e9e4501f509094ba4566f84,CCSFS SLC 40,1,0,"This mission launches the eighteenth batch of operational Starlink satellites, which are version 1.0, from SLC-40. It is the nineteenth Starlink launch overall. The satellites will be delivered to low Earth orbit and will spend a few weeks maneuvering to their operational altitude. The booster is expected to land on an ASDS.",0,1,1,0,ASDS
118,Starlink-17 (v1.0),2021-03-04T08:24:00.000Z,5e9d0d95eda69973a809d1ec,Falcon 9,5e9e4502f509094188566f88,KSC LC 39A,1,0,"This mission launches the sixteenth batch of operational Starlink satellites, which are version 1.0, from LC-39A. It is the eighteenth Starlink launch overall. The satellites will be delivered to low Earth orbit and will spend a few weeks maneuvering to their operational altitude. The booster is expected to land on an ASDS.",0,1,1,1,ASDS
119,Starlink-20 (v1.0),2021-03-11T08:13:00.000Z,5e9d0d95eda69973a809d1ec,Falcon 9,5e9e4501f509094ba4566f84,CCSFS SLC 40,1,0,"This mission launches the 20th batch of operational Starlink satellites, which are version 1.0, from LC-39A or SLC-40. It is the 21st Starlink launch overall. The satellites will be delivered to low Earth orbit and will spend a few weeks maneuvering to their operational altitude. The booster is expected to land on an ASDS.",0,1,1,1,ASDS
120,Starlink-21 (v1.0),2021-03-14T10:01:00.000Z,5e9d0d95eda69973a809d1ec,Falcon 9,5e9e4502f509094188566f88,KSC LC 39A,1,0,"This mission launches the 21st batch of operational Starlink satellites, which are version 1.0, from LC-39A or SLC-40. It is the 22nd Starlink launch overall. The satellites will be delivered to low Earth orbit and will spend a few weeks maneuvering to their operational altitude. The booster is expected to land on an ASDS.",0,1,1,1,ASDS
121,Starlink-22 (v1.0),2021-03-24T08:28:00.000Z,5e9d0d95eda69973a809d1ec,Falcon 9,5e9e4501f509094ba4566f84,CCSFS SLC 40,1,0,"This mission launches the 22nd batch of operational Starlink satellites, which are version 1.0, from or SLC-40. It is the 23rd Starlink launch overall. The satellites will be delivered to low Earth orbit and will spend a few weeks maneuvering to their operational altitude. The booster is expected to land on an ASDS.",0,1,1,1,ASDS
122,Starlink-23 (v1.0),2021-04-07T16:34:00.000Z,5e9d0d95eda69973a809d1ec,Falcon 9,5e9e4501f509094ba4566f84,CCSFS SLC 40,1,0,"This mission launches the 23rd batch of operational Starlink satellites, which are version 1.0, from or SLC-40 or LC-39A. It is the 24th Starlink launch overall. The satellites will be delivered to low Earth orbit and will spend a few weeks maneuvering to their operational altitude. The booster is expected to land on an ASDS.",0,1,1,1,ASDS
123,Crew-2,2021-04-23T09:49:00.000Z,5e9d0d95eda69973a809d1ec,Falcon 9,5e9e4502f509094188566f88,KSC LC 39A,1,0,"SpaceX launches the second operational mission of its Crew Dragon vehicle as part of NASA's Commercial Crew Program, carrying NASA astronauts Shane Kimbrough, Megan McArthur, Thomas Pesquet, and Akihiko Hoshide to the International Space Station. The Falcon 9 and Crew Dragon lift off from LC-39A, Kennedy Space Center. Both the booster and the capsule have flown previously, each a first for a commercial crew flight. The booster for this mission is expected to land on an ASDS. The mission will be ",4,1,1,1,ASDS
124,Starlink-24 (v1.0),2021-04-29T03:44:00.000Z,5e9d0d95eda69973a809d1ec,Falcon 9,5e9e4501f509094ba4566f84,CCSFS SLC 40,1,0,"This mission launches the 24th batch of operational Starlink satellites, which are version 1.0, from LC-39A or SLC-40. It is the 25th Starlink launch overall. The satellites will be delivered to low Earth orbit and will spend a few weeks maneuvering to their operational altitude. The booster is expected to land on an ASDS.",0,1,1,1,ASDS
125,Starlink-25 (v1.0),2021-05-04T19:01:00.000Z,5e9d0d95eda69973a809d1ec,Falcon 9,5e9e4502f509094188566f88,KSC LC 39A,1,0,"This mission launches the 25th batch of operational Starlink satellites, which are version 1.0, from LC-39A. It is the 26th Starlink launch overall. The satellites will be delivered to low Earth orbit and will spend a few weeks maneuvering to their operational altitude. The booster is expected to land on OCISLY.",0,1,1,1,ASDS
126,Starlink-27 (v1.0),2021-05-09T06:42:00.000Z,5e9d0d95eda69973a809d1ec,Falcon 9,5e9e4501f509094ba4566f84,CCSFS SLC 40,1,0,"This mission launches the 26th batch of operational Starlink satellites, which are version 1.0, from SLC-40. It is the 27th Starlink launch overall. The satellites will be delivered to low Earth orbit and will spend a few weeks maneuvering to their operational altitude. The booster is expected to land on an ASDS.",0,1,1,1,ASDS
127,Starlink-26 (v1.0) + Capella-6 + Tyvak-0130,2021-05-15T22:54:00.000Z,5e9d0d95eda69973a809d1ec,Falcon 9,5e9e4502f509094188566f88,KSC LC 39A,1,0,"This mission launches the 27th batch of operational Starlink satellites, which are version 1.0, from LC-39A or SLC-40. It is the 28th Starlink launch overall. The satellites will be delivered to low Earth orbit and will spend a few weeks maneuvering to their operational altitude. The booster is expected to land on an ASDS.",0,3,1,1,ASDS
128,Starlink-28 (v1.0),2021-05-26T18:59:00.000Z,5e9d0d95eda69973a809d1ec,Falcon 9,5e9e4501f509094ba4566f84,CCSFS SLC 40,1,0,"This mission launches the 28th batch of operational Starlink satellites, which were version 1.0, from SLC-40. It was the 29th Starlink launch overall. The satellites plan to be delivered to low Earth orbit and will spend a few weeks maneuvering to their operational altitude. The booster is expected to land on ASDS JRTI.",0,1,1,1,ASDS
129,CRS-22 & IROSA,2021-06-03T17:29:00.000Z,5e9d0d95eda69973a809d1ec,Falcon 9,5e9e4502f509094188566f88,KSC LC 39A,1,0,"SpaceX's 22nd ISS resupply mission on behalf of NASA, this mission sends essential supplies to the International Space Station using the cargo variant of SpaceX's Dragon 2 spacecraft. The external payload for this mission is the first pair of ISS Roll Out Solar Arrays. Falcon 9 and Dragon launch from LC-39A, Kennedy Space Center and the booster is expected to land on an ASDS. The mission will be complete with splashdown and recovery of the capsule and down cargo.",0,1,0,1,ASDS
130,SXM-8,2021-06-06T04:26:00.000Z,5e9d0d95eda69973a809d1ec,Falcon 9,5e9e4501f509094ba4566f84,CCSFS SLC 40,1,0,"SpaceX launches the second of two next generation satellites for SiriusXM from SLC-40, Cape Canaveral Space Force Station. The spacecraft will be delivered into a sub-synchronous geostationary transfer orbit and will replace XM-4 in geostationary orbit. The booster for this mission will land on an ASDS.",0,1,1,1,ASDS
131,GPS III SV05,2021-06-17T16:09:00.000Z,5e9d0d95eda69973a809d1ec,Falcon 9,5e9e4501f509094ba4566f84,CCSFS SLC 40,1,0,"SpaceX's fourth GPS III launch will use the first stage from the previous GPS mission. This will be the first time a National Security Space Launch has flown on a flight proven booster. Falcon 9 will launch from SLC-40, Cape Canaveral and the booster will land downrange on a drone ship. GPS III is the third generation of the U.S. Space Force's NAVSTAR Global Positioning System satellites, developed by Lockheed Martin. The GPS III constellation will feature a cross-linked command and control arch",0,1,1,1,ASDS
132,Transporter-2,2021-06-30T19:31:00.000Z,5e9d0d95eda69973a809d1ec,Falcon 9,5e9e4501f509094ba4566f84,CCSFS SLC 40,1,0,"Falcon 9 launches to sun-synchronous polar orbit from Florida as part of SpaceX's Rideshare program dedicated to smallsat customers. The mission lifts off from SLC-40, Cape Canaveral on a southward azimuth and performs a dogleg maneuver. The booster for this mission is expected to return to LZ-1 based on FCC communications filings. This rideshare takes approximately 90 satellites and hosted payloads into orbit on a variety of deployers including three free-flying spacecraft which dispense their ",0,1,1,1,RTLS
133,CRS-23,2021-08-29T07:14:00.000Z,5e9d0d95eda69973a809d1ec,Falcon 9,5e9e4502f509094188566f88,KSC LC 39A,1,0,"SpaceX's 23rd ISS resupply mission on behalf of NASA, this mission brings essential supplies to the International Space Station using the cargo variant of SpaceX's Dragon 2 spacecraft. Cargo includes several science experiments. The booster for this mission is expected to land on an ASDS. The mission will be complete with return and recovery of the Dragon capsule and down cargo.",0,1,1,1,ASDS
134,Starlink 2-1 (v1.5),2021-09-14T03:55:00.000Z,5e9d0d95eda69973a809d1ec,Falcon 9,5e9e4502f509092b78566f87,VAFB SLC 4E,1,0,,0,1,1,1,ASDS
135,Inspiration4,2021-09-16T00:02:00.000Z,5e9d0d95eda69973a809d1ec,Falcon 9,5e9e4502f509094188566f88,KSC LC 39A,1,0,"Inspiration4 is the world’s first all-civilian mission to space. The mission will be commanded by Jared Isaacman, the 37-year-old founder and Chief Executive Officer of Shift4 Payments and an accomplished pilot and adventurer. Inspiration4 will leave Earth from Kennedy Space Center’s historic Launch Complex 39A, the embarkation point for Apollo and Space Shuttle missions, and travel across a low earth orbit on a multi-day journey that will continually eclipse more than 90% of the earth’s populat",4,1,1,1,ASDS
136,Crew-3,2021-11-11T02:03:00.000Z,5e9d0d95eda69973a809d1ec,Falcon 9,5e9e4502f509094188566f88,KSC LC 39A,1,0,"SpaceX will launch the third operational mission of its Crew Dragon vehicle as part of NASA's Commercial Crew Program, carrying four astronauts to the International Space Station, including 1 international partner This mission will fly on a new capsule and a once used booster. The booster will land downrange on a drone ship. The Crew-2 mission returns from the space station in November.",4,1,1,1,ASDS
137,Starlink 4-1 (v1.5),2021-11-13T12:40:00.000Z,5e9d0d95eda69973a809d1ec,Falcon 9,5e9e4501f509094ba4566f84,CCSFS SLC 40,1,0,,0,1,1,1,ASDS
138,DART,2021-11-24T06:20:00.000Z,5e9d0d95eda69973a809d1ec,Falcon 9,5e9e4502f509092b78566f87,VAFB SLC 4E,1,0,"NASA's Double Asteroid Redirect Test (DART) will demonstrate the use of a kinetic impactor to alter an asteroid's trajectory, an intervention that could be used in the future to prevent devastating Earth impacts. The target system consists of Didymos, 780 meters in diameter, and its moonlet Dimorphos, 160 meters. The DART spacecraft will intercept the double asteroid, using autonomous guidance to crash into the smaller one. Moving at about 6 km/s, the transferred momentum should alter Dimorphos'",0,1,1,1,ASDS
139,Starlink 4-3 (v1.5),2021-12-01T23:20:00.000Z,5e9d0d95eda69973a809d1ec,Falcon 9,5e9e4501f509094ba4566f84,CCSFS SLC 40,1,0,,0,1,1,1,ASDS
140,IXPE,2021-12-09T06:00:00.000Z,5e9d0d95eda69973a809d1ec,Falcon 9,5e9e4502f509094188566f88,KSC LC 39A,1,0,,0,1,1,1,ASDS
141,Starlink 4-4 (v1.5),2021-12-18T12:41:40.000Z,5e9d0d95eda69973a809d1ec,Falcon 9,5e9e4502f509092b78566f87,VAFB SLC 4E,1,0,The mission consists in launching 52 Starlink v1.5 satellites to Shell number 4 at 53.2°. This is unusual as the mission is launching from Vandenberg as these missions usually launch from the East Coast.,0,1,1,1,ASDS
142,Türksat 5B,2021-12-19T03:58:00.000Z,5e9d0d95eda69973a809d1ec,Falcon 9,5e9e4501f509094ba4566f84,CCSFS SLC 40,1,0,"The Türksat 5B communication satellite, which its construction work continues at Airbus Defense and Space's facilities in Toulouse, France, will soon be sent to the Cape Canaveral Space Launch Station located in Florida, United States. The satellite will be launched into space onboard the Falcon 9 rocket following pre-launch preparations. With an estimated in-orbit lifetime of 30 years and the aim of securing Turkey’s orbital and frequency rights, Türksat 5B will be launched into an orbital slot",0,1,1,1,ASDS
143,CRS-24,2021-12-21T10:06:00.000Z,5e9d0d95eda69973a809d1ec,Falcon 9,5e9e4502f509094188566f88,KSC LC 39A,1,0,"SpaceX's 24th ISS resupply mission on behalf of NASA, this mission brings essential supplies to the International Space Station using the cargo variant of SpaceX's Dragon 2 spacecraft. Cargo includes several science experiments. The booster for this mission is expected to land on an ASDS. The mission will be complete with return and recovery of the Dragon capsule and down cargo.",0,1,0,1,ASDS
144,Starlink 4-5 (v1.5),2022-01-06T21:49:00.000Z,5e9d0d95eda69973a809d1ec,Falcon 9,5e9e4502f509094188566f88,KSC LC 39A,1,0,,0,1,1,1,ASDS
145,Transporter-3,2022-01-13T15:25:00.000Z,5e9d0d95eda69973a809d1ec,Falcon 9,5e9e4501f509094ba4566f84,CCSFS SLC 40,1,0,,0,1,1,1,RTLS
146,Starlink 4-6 (v1.5),2022-01-19T00:04:00.000Z,5e9d0d95eda69973a809d1ec,Falcon 9,5e9e4502f509094188566f88,KSC LC 39A,1,0,,0,1,1,1,ASDS
147,CSG-2,2022-01-31T23:11:12.000Z,5e9d0d95eda69973a809d1ec,Falcon 9,5e9e4501f509094ba4566f84,CCSFS SLC 40,1,0,"Falcon 9 launches to sun-synchronous polar orbit from Florida as part of CSG-2 Mission. The mission lifts off from SLC-40, Cape Canaveral on a southward azimuth and performs a dogleg maneuver. The booster for this mission is expected to return to LZ-1 based on FCC communications filings",0,1,1,1,RTLS
148,NROL-87,2022-02-02T20:18:00.000Z,5e9d0d95eda69973a809d1ec,Falcon 9,5e9e4502f509092b78566f87,VAFB SLC 4E,1,0,,0,1,0,1,RTLS
149,Starlink 4-7 (v1.5),2022-02-03T18:13:00.000Z,5e9d0d95eda69973a809d1ec,Falcon 9,5e9e4502f509094188566f88,KSC LC 39A,1,0,,0,1,1,1,ASDS
150,Starlink 4-8 (v1.5),2022-02-21T14:44:00.000Z,5e9d0d95eda69973a809d1ec,Falcon 9,5e9e4501f509094ba4566f84,CCSFS SLC 40,1,0,,0,1,1,1,ASDS
151,Starlink 4-11 (v1.5),2022-02-25T17:12:00.000Z,5e9d0d95eda69973a809d1ec,Falcon 9,5e9e4502f509092b78566f87,VAFB SLC 4E,1,0,,0,1,1,1,ASDS
152,Starlink 4-9 (v1.5),2022-03-03T14:35:00.000Z,5e9d0d95eda69973a809d1ec,Falcon 9,5e9e4502f509094188566f88,KSC LC 39A,1,0,,0,1,1,1,ASDS
153,Starlink 4-10 (v1.5),2022-03-09T13:45:00.000Z,5e9d0d95eda69973a809d1ec,Falcon 9,5e9e4501f509094ba4566f84,CCSFS SLC 40,1,0,,0,1,1,1,ASDS
154,Starlink 4-12 (v1.5),2022-03-19T03:24:00.000Z,5e9d0d95eda69973a809d1ec,Falcon 9,5e9e4501f509094ba4566f84,CCSFS SLC 40,1,0,,0,1,1,1,ASDS
155,Transporter-4,2022-04-01T16:24:00.000Z,5e9d0d95eda69973a809d1ec,Falcon 9,5e9e4501f509094ba4566f84,CCSFS SLC 40,1,0,,0,1,1,1,ASDS
156,Ax-1,2022-04-08T15:17:00.000Z,5e9d0d95eda69973a809d1ec,Falcon 9,5e9e4502f509094188566f88,KSC LC 39A,1,0,"Axiom Mission 1 (or Ax-1) is a planned SpaceX Crew Dragon mission to the International Space Station (ISS), operated by SpaceX on behalf of Axiom Space. The flight will launch no earlier than 31 March 2022 and send four people to the ISS for an eight-day stay",4,1,1,1,ASDS
157,NROL-85,2022-04-17T13:13:00.000Z,5e9d0d95eda69973a809d1ec,Falcon 9,5e9e4502f509092b78566f87,VAFB SLC 4E,1,0,,0,1,1,1,RTLS
158,Starlink 4-14 (v1.5),2022-04-21T15:16:00.000Z,5e9d0d95eda69973a809d1ec,Falcon 9,5e9e4501f509094ba4566f84,CCSFS SLC 40,1,0,,0,1,1,1,ASDS
159,Crew-4,2022-04-27T07:52:00.000Z,5e9d0d95eda69973a809d1ec,Falcon 9,5e9e4502f509094188566f88,KSC LC 39A,1,0,,4,1,1,1,ASDS
160,Starlink 4-16 (v1.5),2022-04-29T21:27:00.000Z,5e9d0d95eda69973a809d1ec,Falcon 9,5e9e4501f509094ba4566f84,CCSFS SLC 40,1,0,,0,1,1,1,ASDS
161,Starlink 4-17 (v1.5),2022-05-06T09:42:00.000Z,5e9d0d95eda69973a809d1ec,Falcon 9,5e9e4502f509094188566f88,KSC LC 39A,1,0,,0,1,1,1,ASDS
162,Starlink 4-13 (v1.5),2022-05-13T22:07:00.000Z,5e9d0d95eda69973a809d1ec,Falcon 9,5e9e4502f509092b78566f87,VAFB SLC 4E,1,0,,0,1,1,1,ASDS
163,Starlink 4-15 (v1.5),2022-05-14T20:40:00.000Z,5e9d0d95eda69973a809d1ec,Falcon 9,5e9e4501f509094ba4566f84,CCSFS SLC 40,1,0,,0,1,0,1,ASDS
164,Starlink 4-18 (v1.5),2022-05-18T10:40:00.000Z,5e9d0d95eda69973a809d1ec,Falcon 9,5e9e4502f509094188566f88,KSC LC 39A,1,0,,0,1,1,1,ASDS
165,Transporter-5,2022-05-25T18:27:00.000Z,5e9d0d95eda69973a809d1ec,Falcon 9,5e9e4501f509094ba4566f84,CCSFS SLC 40,1,0,,0,1,1,1,RTLS
166,Nilesat-301,2022-06-08T21:04:00.000Z,5e9d0d95eda69973a809d1ec,Falcon 9,5e9e4501f509094ba4566f84,CCSFS SLC 40,1,0,,0,1,1,1,ASDS
167,Starlink 4-19 (v1.5),2022-06-01T17:08:50.000Z,5e9d0d95eda69973a809d1ec,Falcon 9,5e9e4502f509094188566f88,KSC LC 39A,1,0,,0,1,1,1,ASDS
168,SARah 1,2022-06-18T14:19:00.000Z,5e9d0d95eda69973a809d1ec,Falcon 9,5e9e4502f509092b78566f87,VAFB SLC 4E,1,0,,0,1,1,1,RTLS
169,Globalstar FM15,2022-06-19T04:27:00.000Z,5e9d0d95eda69973a809d1ec,Falcon 9,5e9e4501f509094ba4566f84,CCSFS SLC 40,1,0,,0,1,1,1,ASDS
170,SES-22,2022-06-29T21:04:00.000Z,5e9d0d95eda69973a809d1ec,Falcon 9,5e9e4501f509094ba4566f84,CCSFS SLC 40,1,0,,0,1,1,1,ASDS
171,Starlink 4-21 (v1.5),2022-07-07T13:11:00.000Z,5e9d0d95eda69973a809d1ec,Falcon 9,5e9e4501f509094ba4566f84,CCSFS SLC 40,1,0,,0,1,1,1,ASDS
172,Starlink 3-1 (v1.5),2022-07-11T01:39:00.000Z,5e9d0d95eda69973a809d1ec,Falcon 9,5e9e4502f509092b78566f87,VAFB SLC 4E,0,0,,0,1,1,1,ASDS
173,CRS-25,2022-07-15T00:44:00.000Z,5e9d0d95eda69973a809d1ec,Falcon 9,5e9e4502f509094188566f88,KSC LC 39A,1,0,,0,1,1,1,ASDS
174,Starlink 4-22 (v1.5),2022-07-17T14:50:00.000Z,5e9d0d95eda69973a809d1ec,Falcon 9,5e9e4501f509094ba4566f84,CCSFS SLC 40,1,0,,0,1,1,1,ASDS
175,Starlink 3-2 (v1.5),2022-07-21T17:13:00.000Z,5e9d0d95eda69973a809d1ec,Falcon 9,5e9e4502f509092b78566f87,VAFB SLC 4E,1,0,,0,1,1,1,ASDS
176,Starlink 4-25 (v1.5),2022-07-24T00:00:00.000Z,5e9d0d95eda69973a809d1ec,Falcon 9,5e9e4501f509094ba4566f84,CCSFS SLC 40,1,0,,0,1,1,1,ASDS
177,KPLO,2022-08-04T23:08:00.000Z,5e9d0d95eda69973a809d1ec,Falcon 9,5e9e4501f509094ba4566f84,CCSFS SLC 40,1,0,,0,1,1,1,ASDS
178,Starlink 4-26 (v1.5),2022-08-09T22:57:00.000Z,5e9d0d95eda69973a809d1ec,Falcon 9,5e9e4502f509094188566f88,KSC LC 39A,1,0,,0,1,1,1,ASDS
179,Starlink 3-3 (v1.5),2022-08-12T21:30:00.000Z,5e9d0d95eda69973a809d1ec,Falcon 9,5e9e4502f509092b78566f87,VAFB SLC 4E,1,0,,0,1,1,1,ASDS
180,Starlink 4-27 (v1.5),2022-08-19T19:24:00.000Z,5e9d0d95eda69973a809d1ec,Falcon 9,5e9e4501f509094ba4566f84,CCSFS SLC 40,1,0,,0,1,1,1,ASDS
181,Starlink 4-23 (v1.5),2022-08-28T02:22:00.000Z,5e9d0d95eda69973a809d1ec,Falcon 9,5e9e4502f509094188566f88,KSC LC 39A,1,0,,0,1,1,1,ASDS
182,Starlink 3-4 (v1.5),2022-08-31T05:40:00.000Z,5e9d0d95eda69973a809d1ec,Falcon 9,5e9e4502f509092b78566f87,VAFB SLC 4E,1,0,,0,1,1,1,ASDS
183,Starlink 4-20 (v1.5) & Sherpa LTC-2/Varuna-TDM,2022-09-05T02:09:00.000Z,5e9d0d95eda69973a809d1ec,Falcon 9,5e9e4501f509094ba4566f84,CCSFS SLC 40,1,0,,0,2,1,1,ASDS
184,Starlink 4-2 (v1.5) & Blue Walker 3,2022-09-11T01:10:00.000Z,5e9d0d95eda69973a809d1ec,Falcon 9,5e9e4502f509094188566f88,KSC LC 39A,1,0,,0,2,1,1,ASDS
185,Starlink 4-34 (v1.5),2022-09-17T01:05:00.000Z,5e9d0d95eda69973a809d1ec,Falcon 9,5e9e4501f509094ba4566f84,CCSFS SLC 40,1,0,,0,1,1,1,ASDS
186,Starlink 4-35 (v1.5),2022-09-24T23:30:00.000Z,5e9d0d95eda69973a809d1ec,Falcon 9,5e9e4501f509094ba4566f84,CCSFS SLC 40,1,0,,0,1,1,1,ASDS
187,Crew-5,2022-10-05T16:00:00.000Z,5e9d0d95eda69973a809d1ec,Falcon 9,5e9e4502f509094188566f88,KSC LC 39A,1,0,,4,1,0,1,ASDS
188,USSF-44,2022-11-01T13:41:00.000Z,5e9d0d95eda69974db09d1ed,Falcon Heavy,5e9e4502f509094188566f88,KSC LC 39A,0,0,,0,1,0,0,
188,Starlink 4-36 (v1.5),2022-10-20T14:50:00.000Z,5e9d0d95eda69973a809d1ec,Falcon 9,5e9e4501f509094ba4566f84,CCSFS SLC 40,0,0,,0,1,0,0,
188,Galaxy 33 (15R) & 34 (12R),2022-10-08T23:05:00.000Z,5e9d0d95eda69973a809d1ec,Falcon 9,5e9e4501f509094ba4566f84,CCSFS SLC 40,0,0,,0,0,0,0,
188,Hotbird 13F,2022-10-15T05:22:00.000Z,5e9d0d95eda69973a809d1ec,Falcon 9,5e9e4501f509094ba4566f84,CCSFS SLC 40,0,0,,0,0,0,0,
189,Hotbird 13G,2022-11-03T03:24:00.000Z,5e9d0d95eda69973a809d1ec,Falcon 9,5e9e4501f509094ba4566f84,CCSFS SLC 40,0,0,,0,0,0,0,
191,Galaxy 31 (23R) & 32 (17R),2022-11-08T00:00:00.000Z,5e9d0d95eda69973a809d1ec,Falcon 9,5e9e4501f509094ba4566f84,CCSFS SLC 40,0,0,,0,0,0,0,
192,Eutelsat 10B,2022-11-15T00:00:00.000Z,5e9d0d95eda69973a809d1ec,Falcon 9,5e9e4501f509094ba4566f84,CCSFS SLC 40,0,0,,0,0,0,0,
193,ispace Mission 1 & Rashid,2022-11-22T00:00:00.000Z,5e9d0d95eda69973a809d1ec,Falcon 9,5e9e4501f509094ba4566f84,CCSFS SLC 40,0,0,,0,0,0,0,
194,CRS-26,2022-11-18T22:00:00.000Z,5e9d0d95eda69973a809d1ec,Falcon 9,5e9e4502f509094188566f88,KSC LC 39A,0,0,,0,0,0,0,
195,Starlink 4-37 (v1.5),2022-11-01T00:00:00.000Z,5e9d0d95eda69973a809d1ec,Falcon 9,5e9e4501f509094ba4566f84,CCSFS SLC 40,0,0,,0,0,0,0,
196,"O3b mPower 1,2",2022-11-01T00:00:00.000Z,5e9d0d95eda69973a809d1ec,Falcon 9,5e9e4501f509094ba4566f84,CCSFS SLC 40,0,0,,0,1,0,0,
197,SWOT,2022-12-05T00:00:00.000Z,5e9d0d95eda69973a809d1ec,Falcon 9,5e9e4502f509092b78566f87,VAFB SLC 4E,0,0,,0,0,0,0,
198,SES-18 & SES-19,2022-11-01T00:00:00.000Z,5e9d0d95eda69973a809d1ec,Falcon 9,5e9e4501f509094ba4566f84,CCSFS SLC 40,0,0,,0,0,0,0,
198,Transporter-6,2022-12-01T00:00:00.000Z,5e9d0d95eda69973a809d1ec,Falcon 9,5e9e4501f509094ba4566f84,CCSFS SLC 40,0,0,,0,0,0,0,
199,TTL-1,2022-12-01T00:00:00.000Z,5e9d0d95eda69973a809d1ec,Falcon 9,5e9e4502f509092b78566f87,VAFB SLC 4E,0,0,,0,1,0,0,
200,WorldView Legion 1 & 2,2022-12-01T00:00:00.000Z,5e9d0d95eda69973a809d1ec,Falcon 9,5e9e4501f509094ba4566f84,CCSFS SLC 40,0,0,,0,1,0,0,
202,Viasat-3 & Arcturus,2022-12-01T00:00:00.000Z,5e9d0d95eda69974db09d1ed,Falcon Heavy,5e9e4502f509094188566f88,KSC LC 39A,0,0,,0,0,0,0,
203,O3b mPower 3.4,2022-12-01T00:00:00.000Z,5e9d0d95eda69973a809d1ec,Falcon 9,5e9e4501f509094ba4566f84,CCSFS SLC 40,0,0,,0,1,0,0,
